"id","name","location_formatted","latitude","longitude","email","phone","country","city","website","about","createdAt","id","start_date","end_date","registration_expiration","name","tuition","createdAt","kindergartenId"
"2","Al- Aqsa Kindergarten","803 Nablus, Palestinian Territory","32.237197","35.252466","Aqsa@gmail.com","0594177742","Palestine","Nablus","aqsa.edu","Nice Kindergarten","2022-09-26 14:02:16","5","2023-02-25","2023-07-25","2023-03-25","2023 First","100","2022-11-30 18:13:04","2"
"9","Al-Makhfeya","Palestine, Nablus","32.217492","35.236420","makhfeya@edu.com","45342189","Palestine","Nablus","www.jaberi.com","summary","2022-12-01 04:32:32","6","2022-12-31","2023-04-09","2023-01-19","2023 First","350","2022-12-01 04:33:32","9"
"8","Al-Jaberi Kindergarten","Palestine, Nablus","32.221399","35.238845","jaberi@edu.com","0123456789","Palestine","Nablus","www.jaberi.com","summary","2022-12-01 04:31:32","7","2023-01-20","2023-05-12","2023-02-04","2022-2023 First","320","2022-12-01 04:34:10","8"
"14","Ammany","Jordann, Amman","31.934158","35.930048","ammany@edu.com","56497542","Jordan","Amman","www.ammany.com","summary","2022-12-01 04:43:46","8","2023-01-20","2023-05-12","2023-02-04","2022-2023 First","150","2022-12-01 04:46:34","14"
"13","Amman","Jordan, Amman","31.899435","35.212263","amman@edu.com","56497542","Jordan","Amman","www.amman.com","summary","2022-12-01 04:40:09","9","2023-02-20","2023-06-23","2023-03-07","2023 First","150","2022-12-01 04:47:31","13"
"12","Al-Zarqa","Jordan, Zarqa","32.057555","36.085255","zarqa@edu.com","56497542","Palestine","Zarqa","www.zarqa.com","summary","2022-12-01 04:38:56","10","2022-01-31","2023-04-07","2022-02-09","2023 First","150","2022-12-01 04:48:17","12"
"59","‘Abasān al Kabīrah kindergarten","5 Superior Hill","31.319130","34.340050","rinsealm@gmail.com","8901362601","Palestine","‘Abasān al Kabīrah",,"summary","2021-02-19 11:41:00","12","2023-01-22","2023-05-22","2023-02-02","2022 Semester","439","2022-12-27 00:00:00","59"
"101","‘Ābūd kindergarten","7757 2nd Hill","32.016539","35.068807","skorejs1s@gmail.com","1581594781","Palestine","‘Ābūd",,"summary","2021-07-28 11:32:00","13","2023-01-28","2023-05-27","2023-02-08","2023 Semester","462","2023-01-02 00:00:00","101"
"116","‘Ayn al Bayḑā kindergarten","67609 Colorado Alley","32.380510","35.508380","ybicknell27@gmail.com","2488918505","Palestine","‘Ayn al Bayḑā",,"summary","2020-01-20 00:57:00","14","2023-01-26","2023-05-25","2023-02-06","2022 Semester","164","2022-12-31 00:00:00","116"
"62","‘Ūrīf kindergarten","7 Thackeray Road","32.158702","35.224177","pdeambrosisp@gmail.com","1591021043","Palestine","‘Ūrīf",,"summary","2019-09-29 01:24:00","15","2023-02-05","2023-06-04","2023-02-16","2023 Semester","152","2023-01-10 00:00:00","62"
"4","Al -Noor","Russeifa Sub-District, Jordan","31.934158","35.890048","noor@gmail.com","0597417542","Jordan","Amman","noor.com","Nice","2022-11-26 14:14:01","16","2023-01-23","2023-05-23","2023-02-03","2022 Semester","497","2022-12-28 00:00:00","4"
"114","Al ‘Ayzarīyah kindergarten","45 Glacier Hill Parkway","31.770780","35.269160","garundell25@gmail.com","4552727363","Palestine","Al ‘Ayzarīyah",,"summary","2022-01-13 17:03:00","17","2023-01-27","2023-05-26","2023-02-07","2023 Semester","239","2023-01-01 00:00:00","114"
"67","Al Jīb kindergarten","8 Kennedy Park","31.850989","35.183103","ualburyu@gmail.com","3372700490","Palestine","Al Jīb",,"summary","2021-09-09 02:48:00","18","2023-01-23","2023-05-23","2023-02-03","2022 Semester","190","2022-12-28 00:00:00","67"
"121","Al Judayrah kindergarten","1 Basil Avenue","31.855870","35.197060","bmilksop2c@gmail.com","7107534855","Palestine","Al Judayrah",,"summary","2021-04-18 04:07:00","19","2023-01-12","2023-05-12","2023-01-23","2022 Semester","396","2022-12-17 00:00:00","121"
"163","Al Karmil kindergarten","9 Bonner Place","31.423010","35.132780","bpriden3i@gmail.com","8698859503","Palestine","Al Karmil",,"summary","2021-12-19 09:29:00","20","2023-01-29","2023-05-28","2023-02-09","2023 Semester","384","2023-01-03 00:00:00","163"
"285","Al Jumūm kindergarten","5 Sugar Road","39.713718","21.647479","sbenedettini3@gmail.com","3902173471","Saudi Arabia","Al Jumūm",,"summary","2021-05-22 12:19:00","21","2023-01-24","2023-05-24","2023-02-04","2022 Semester","254","2022-12-29 00:00:00","285"
"155","Al Qarārah kindergarten","3 Fairfield Park","31.373890","34.340850","chammerich3a@gmail.com","9394800908","Palestine","Al Qarārah",,"summary","2020-10-06 04:42:00","22","2023-02-01","2023-05-31","2023-02-12","2023 Semester","438","2023-01-06 00:00:00","155"
"11","Al-bereh","Palestine, Ramallah, bereh","31.899435","35.212263","bereh@edu.com","12515421","Palestine","Ramallah","www.bereh.com","summary","2022-12-01 04:37:04","23","2023-01-11","2023-05-11","2023-01-22","2022 Semester","404","2022-12-16 00:00:00","11"
"10","Al-Masyoun","Palestine, Ramallah, masyoun","31.894480","35.197146","masyoun@edu.com","12515421","Palestine","Ramallah","www.masoun.com","summary","2022-12-01 04:36:34","24","2023-02-02","2023-06-01","2023-02-13","2023 Semester","177","2023-01-07 00:00:00","10"
"42","Ash Shuhadā’ kindergarten","148 Merchant Lane","32.429490","35.271120","bambrosini5@gmail.com","7166451500","Palestine","Ash Shuhadā’",,"summary","2019-10-06 01:28:00","25","2023-01-30","2023-05-29","2023-02-10","2023 Semester","223","2023-01-04 00:00:00","42"
"63","Ash Shuyūkh kindergarten","593 Dovetail Lane","31.574996","35.149421","isucreq@gmail.com","8414727884","Palestine","Ash Shuyūkh",,"summary","2018-12-20 08:22:00","26","2023-02-05","2023-06-04","2023-02-16","2023 Semester","497","2023-01-10 00:00:00","63"
"22","Baghdad Kindergarten","Iraq, Baghdad","31.899435","35.212263","baghdad@edu.com","12515421","Iraq","Baghdad","www.irqa.com","summary","2022-12-01 07:09:36","27","2023-01-18","2023-05-18","2023-01-29","2022 Semester","461","2022-12-23 00:00:00","22"
"70","Bayt ‘Īnūn kindergarten","239 4th Crossing","31.558700","35.124400","acraykex@gmail.com","5968798718","Palestine","Bayt ‘Īnūn",,"summary","2021-03-08 11:20:00","28","2023-02-05","2023-06-04","2023-02-16","2023 Semester","260","2023-01-10 00:00:00","70"
"89","Bayt Maqdūm kindergarten","3829 Talmadge Alley","31.535370","34.971920","mnewling1g@gmail.com","5663960620","Palestine","Bayt Maqdūm",,"summary","2018-09-26 06:57:00","29","2023-01-27","2023-05-26","2023-02-07","2023 Semester","357","2023-01-01 00:00:00","89"
"86","Bayt Ūmmar kindergarten","45023 Chive Lane","31.623290","35.104460","bkittow1d@gmail.com","3823562802","Palestine","Bayt Ūmmar",,"summary","2020-12-22 11:48:00","30","2023-01-14","2023-05-14","2023-01-25","2022 Semester","306","2022-12-19 00:00:00","86"
"43","Baytā al Fawqā kindergarten","9522 Manitowish Avenue","32.142600","35.287740","trump6@gmail.com","9813806153","Palestine","Baytā al Fawqā",,"summary","2019-08-23 00:25:00","31","2023-02-05","2023-06-04","2023-02-16","2023 Semester","231","2023-01-10 00:00:00","43"
"144","BestAl Bīrah kindergarten","3839 5th Crossing","31.910010","35.216450","alinkleter2z@gmail.com","2825699050","Palestine","Al Bīrah",,"summary","2021-08-10 20:57:00","32","2023-01-31","2023-05-30","2023-02-11","2023 Semester","425","2023-01-05 00:00:00","144"
"60","Bethlehem kindergarten","72489 Carioca Avenue","31.705382","35.202443","jtringn@gmail.com","5127623842","Palestine","Bethlehem",,"summary","2019-12-17 09:20:00","33","2023-01-23","2023-05-23","2023-02-03","2022 Semester","400","2022-12-28 00:00:00","60"
"124","Bil‘īn kindergarten","99841 Maryland Plaza","31.928516","35.070954","smccerery2f@gmail.com","3144966141","Palestine","Bil‘īn",,"summary","2021-09-27 22:00:00","34","2023-02-05","2023-06-04","2023-02-16","2023 Semester","486","2023-01-10 00:00:00","124"
"281","MainAsh Shuhadā’ kindergarten","7 Reinke Park","30.872862","30.606617","vcourtint@gmail.com","3359927820","Egypt","Ash Shuhadā’",,"summary","2022-02-22 21:28:00","35","2023-01-08","2023-05-08","2023-01-19","2022 Semester","327","2022-12-13 00:00:00","281"
"85","Central‘Arab ar Rashāydah kindergarten","1 Coleman Crossing","31.571120","35.232270","kvanes1c@gmail.com","4462662046","Palestine","‘Arab ar Rashāydah",,"summary","2019-10-06 07:15:00","36","2023-01-15","2023-05-15","2023-01-26","2022 Semester","401","2022-12-20 00:00:00","85"
"130","Central‘Aşīrah al Qiblīyah kindergarten","4284 Victoria Park","32.178420","35.215690","jlamperti2l@gmail.com","2561174453","Palestine","‘Aşīrah al Qiblīyah",,"summary","2021-03-28 20:10:00","37","2023-02-01","2023-05-31","2023-02-12","2023 Semester","357","2023-01-06 00:00:00","130"
"97","Central‘Attīl kindergarten","7 Manitowish Trail","32.370069","35.072538","cferschke1o@gmail.com","9777415929","Palestine","‘Attīl",,"summary","2020-02-06 10:07:00","38","2023-01-20","2023-05-20","2023-01-31","2022 Semester","492","2022-12-25 00:00:00","97"
"142","CentralAl Buq‘ah kindergarten","58098 Bartillon Court","31.534495","35.124528","rmanuely2x@gmail.com","2989572250","Palestine","Al Buq‘ah",,"summary","2022-06-13 04:28:00","39","2023-01-16","2023-05-16","2023-01-27","2022 Semester","425","2022-12-21 00:00:00","142"
"61","CentralAl Lubban al Gharbī kindergarten","10 Anthes Circle","32.035776","35.038365","mpimo@gmail.com","9238369279","Palestine","Al Lubban al Gharbī",,"summary","2021-07-31 04:19:00","40","2023-02-01","2023-05-31","2023-02-12","2023 Semester","299","2023-01-06 00:00:00","61"
"93","CentralAl Mazra‘ah ash Sharqīyah kindergarten","59 Summerview Alley","32.000180","35.281520","wtorbard1k@gmail.com","3787594382","Palestine","Al Mazra‘ah ash Sharqīyah",,"summary","2018-10-22 13:54:00","41","2023-01-16","2023-05-16","2023-01-27","2022 Semester","393","2022-12-21 00:00:00","93"
"44","CentralAl Midyah kindergarten","147 Manufacturers Drive","31.935920","35.005000","jblunden7@gmail.com","1088305805","Palestine","Al Midyah",,"summary","2020-12-06 03:41:00","42","2023-01-28","2023-05-27","2023-02-08","2023 Semester","225","2023-01-02 00:00:00","44"
"99","CentralAl Mughayyir kindergarten","24 Westridge Parkway","32.421701","35.386433","mhoggins1q@gmail.com","5685053139","Palestine","Al Mughayyir",,"summary","2020-01-10 07:28:00","43","2023-01-29","2023-05-28","2023-02-09","2023 Semester","296","2023-01-03 00:00:00","99"
"52","CentralAn Naşşārīyah kindergarten","97943 Knutson Center","32.236470","35.387110","pemlochf@gmail.com","2358104879","Palestine","An Naşşārīyah",,"summary","2020-09-28 18:21:00","44","2023-01-24","2023-05-24","2023-02-04","2022 Semester","160","2022-12-29 00:00:00","52"
"68","CentralAţ Ţaybah kindergarten","7035 Tennessee Junction","31.953880","35.299800","ctudgayv@gmail.com","5895080758","Palestine","Aţ Ţaybah",,"summary","2022-01-26 04:47:00","45","2023-02-05","2023-06-04","2023-02-16","2023 Semester","431","2023-01-10 00:00:00","68"
"143","CentralAzun Atme kindergarten","81 Hermina Junction","32.123667","35.018481","ghardesty2y@gmail.com","4903176543","Palestine","Azun Atme",,"summary","2018-08-01 07:36:00","46","2023-02-05","2023-06-04","2023-02-16","2023 Semester","445","2023-01-10 00:00:00","143"
"96","CentralBardalah kindergarten","880 Green Place","32.386320","35.480840","jtremmel1n@gmail.com","2383718089","Palestine","Bardalah",,"summary","2022-05-07 06:53:00","47","2023-01-22","2023-05-22","2023-02-02","2022 Semester","460","2022-12-27 00:00:00","96"
"88","CentralBayt ‘Ūr at Taḩtā kindergarten","17493 Gina Terrace","31.896090","35.081780","atrenear1f@gmail.com","8393461612","Palestine","Bayt ‘Ūr at Taḩtā",,"summary","2020-11-15 21:55:00","48","2023-01-11","2023-05-11","2023-01-22","2022 Semester","329","2022-12-16 00:00:00","88"
"56","CentralBayt Ta‘mar kindergarten","12178 Oakridge Terrace","31.678719","35.241822","ggriniovj@gmail.com","2235004304","Palestine","Bayt Ta‘mar",,"summary","2022-05-24 14:26:00","49","2023-01-21","2023-05-21","2023-02-01","2022 Semester","173","2022-12-26 00:00:00","56"
"92","CentralBazzāryah kindergarten","2806 Paget Park","32.307980","35.165930","dwillas1j@gmail.com","2441866564","Palestine","Bazzāryah",,"summary","2018-07-12 18:00:00","50","2023-02-03","2023-06-02","2023-02-14","2023 Semester","451","2023-01-08 00:00:00","92"
"45","CentralBurqah kindergarten","015 Aberg Drive","31.896059","35.254768","lchittleburgh8@gmail.com","1363610875","Palestine","Burqah",,"summary","2018-07-16 12:20:00","51","2023-02-02","2023-06-01","2023-02-13","2023 Semester","327","2023-01-07 00:00:00","45"
"138","CentralIdhnā kindergarten","735 Oak Point","31.557252","34.979243","dfriday2t@gmail.com","9269114884","Palestine","Idhnā",,"summary","2020-06-03 06:28:00","52","2023-01-20","2023-05-20","2023-01-31","2022 Semester","200","2022-12-25 00:00:00","138"
"40","CentralJifnā kindergarten","0 Stoughton Junction","31.963463","35.215092","cmaven3@gmail.com","5072711944","Palestine","Jifnā",,"summary","2021-06-12 16:19:00","53","2023-02-05","2023-06-04","2023-02-16","2023 Semester","412","2023-01-10 00:00:00","40"
"65","CentralJuḩr ad Dīk kindergarten","5 Straubel Court","31.455710","34.437190","hcoghlins@gmail.com","7701090886","Palestine","Juḩr ad Dīk",,"summary","2022-08-21 21:11:00","54","2023-02-03","2023-06-02","2023-02-14","2023 Semester","422","2023-01-08 00:00:00","65"
"125","CentralKafr ad Dīk kindergarten","92952 Sutteridge Way","32.067100","35.082870","mswoffer2g@gmail.com","9947318034","Palestine","Kafr ad Dīk",,"summary","2019-06-29 06:53:00","55","2023-01-08","2023-05-08","2023-01-19","2022 Semester","397","2022-12-13 00:00:00","125"
"79","CentralKafr Şūr kindergarten","2936 Messerschmidt Hill","32.244032","35.064616","adoring16@gmail.com","7471460334","Palestine","Kafr Şūr",,"summary","2020-08-08 17:31:00","56","2023-01-07","2023-05-07","2023-01-18","2022 Semester","352","2022-12-12 00:00:00","79"
"77","CentralKafr Thulth kindergarten","01076 Elgar Drive","32.152799","35.045290","hpatis14@gmail.com","9256410459","Palestine","Kafr Thulth",,"summary","2022-03-30 00:53:00","57","2023-01-20","2023-05-20","2023-01-31","2022 Semester","389","2022-12-25 00:00:00","77"
"50","CentralKafr Zībād kindergarten","20302 Muir Road","32.225262","35.070676","agarhamd@gmail.com","5787591305","Palestine","Kafr Zībād",,"summary","2021-08-18 07:33:00","58","2023-01-27","2023-05-26","2023-02-07","2023 Semester","467","2023-01-01 00:00:00","50"
"57","CentralKhursā kindergarten","62223 Darwin Drive","31.440961","34.997440","scarringtonk@gmail.com","7622512519","Palestine","Khursā",,"summary","2022-11-29 16:30:00","59","2023-01-13","2023-05-13","2023-01-24","2022 Semester","399","2022-12-18 00:00:00","57"
"158","CentralMardā kindergarten","6793 American Drive","32.114217","35.195851","tcurwen3d@gmail.com","5265076555","Palestine","Mardā",,"summary","2019-07-27 10:15:00","60","2023-01-28","2023-05-27","2023-02-08","2023 Semester","260","2023-01-02 00:00:00","158"
"104","CentralMislīyah kindergarten","3607 Gale Lane","32.386130","35.287800","vdickie1v@gmail.com","1071014612","Palestine","Mislīyah",,"summary","2020-12-03 13:41:00","61","2023-01-11","2023-05-11","2023-01-22","2022 Semester","376","2022-12-16 00:00:00","104"
"38","CentralQalqīlyah kindergarten","47844 Knutson Lane","32.189660","34.970630","glaurenty1@gmail.com","7065323128","Palestine","Qalqīlyah",,"summary","2021-07-31 00:20:00","62","2023-01-22","2023-05-22","2023-02-02","2022 Semester","195","2022-12-27 00:00:00","38"
"76","CentralQaţanah kindergarten","5 2nd Pass","31.833660","35.118940","jmaybery13@gmail.com","6109630358","Palestine","Qaţanah",,"summary","2021-08-03 02:19:00","63","2023-01-25","2023-05-25","2023-02-05","2022 Semester","259","2022-12-30 00:00:00","76"
"83","CentralQīrah kindergarten","37 Harper Junction","32.122140","35.171730","jitzhaki1a@gmail.com","6775706280","Palestine","Qīrah",,"summary","2022-04-16 23:55:00","64","2023-01-29","2023-05-28","2023-02-09","2023 Semester","325","2023-01-03 00:00:00","83"
"48","CentralRantīs kindergarten","46 Hudson Court","32.029973","35.018973","atilburyb@gmail.com","3465582621","Palestine","Rantīs",,"summary","2018-08-15 17:45:00","65","2023-01-19","2023-05-19","2023-01-30","2022 Semester","305","2022-12-24 00:00:00","48"
"53","CentralŞānūr kindergarten","99814 Forest Run Circle","32.358901","35.246147","abrundillg@gmail.com","2113184497","Palestine","Şānūr",,"summary","2021-03-30 21:05:00","66","2023-01-27","2023-05-26","2023-02-07","2023 Semester","186","2023-01-01 00:00:00","53"
"107","CentralSīrīs kindergarten","9 Maple Trail","32.328224","35.292369","mgally1y@gmail.com","3304007885","Palestine","Sīrīs",,"summary","2022-07-16 10:06:00","67","2023-01-19","2023-05-19","2023-01-30","2022 Semester","277","2022-12-24 00:00:00","107"
"118","CentralYa‘bad kindergarten","9194 Del Sol Way","32.446834","35.167274","cmytton29@gmail.com","2439934154","Palestine","Ya‘bad",,"summary","2022-10-13 03:25:00","68","2023-01-22","2023-05-22","2023-02-02","2022 Semester","469","2022-12-27 00:00:00","118"
"19","Ciro Kindergarten","Egypt, Ciro","31.899435","35.212263","ciro2@edu.com","12515421","Egypt","Ciro","www.ciro.com","summary","2022-12-01 07:02:18","69","2023-01-14","2023-05-14","2023-01-25","2022 Semester","472","2022-12-19 00:00:00","19"
"74","Dayr al Ghuşūn kindergarten","2 Lyons Point","32.353463","35.074453","pwyant11@gmail.com","2632028571","Palestine","Dayr al Ghuşūn",,"summary","2021-04-04 03:26:00","70","2023-02-02","2023-06-01","2023-02-13","2023 Semester","197","2023-01-07 00:00:00","74"
"156","Dayr Sāmit kindergarten","9951 Blaine Parkway","31.520570","34.974420","ntuftin3b@gmail.com","6277560155","Palestine","Dayr Sāmit",,"summary","2020-01-06 16:49:00","71","2023-01-19","2023-05-19","2023-01-30","2022 Semester","434","2022-12-24 00:00:00","156"
"126","Dūrā al Qar‘ kindergarten","75 Becker Trail","31.958519","35.225893","hbeardmore2h@gmail.com","2489350939","Palestine","Dūrā al Qar‘",,"summary","2019-08-31 13:03:00","72","2023-01-17","2023-05-17","2023-01-28","2022 Semester","362","2022-12-22 00:00:00","126"
"17","Egypt","Egypt, Ciro","31.899435","35.212263","ciro@edu.com","12515421","Egypt","Ciro","www.bereh.com","summary","2022-12-01 07:01:48","73","2023-02-02","2023-06-01","2023-02-13","2023 Semester","455","2023-01-07 00:00:00","17"
"129","Faḩmah kindergarten","8 Spaight Point","32.382910","35.179120","amccurlye2k@gmail.com","5167635311","Palestine","Faḩmah",,"summary","2019-09-04 21:41:00","74","2023-01-09","2023-05-09","2023-01-20","2022 Semester","337","2022-12-14 00:00:00","129"
"139","Far‘ūn kindergarten","1542 Green Junction","32.285480","35.021481","dbyrde2u@gmail.com","7829564738","Palestine","Far‘ūn",,"summary","2022-03-18 15:37:00","75","2023-01-18","2023-05-18","2023-01-29","2022 Semester","205","2022-12-23 00:00:00","139"
"278","Al Fayyūm kindergarten","98133 Northwestern Circle","30.842850","29.308402","dyoungeq@gmail.com","4879530163","Egypt","Al Fayyūm",,"summary","2018-09-20 18:52:00","76","2023-01-11","2023-05-11","2023-01-22","2022 Semester","198","2022-12-16 00:00:00","278"
"90","Iktābah kindergarten","5 Northview Terrace","32.326600","35.052620","atitcumb1h@gmail.com","8554656935","Palestine","Iktābah",,"summary","2018-09-24 18:21:00","77","2023-02-02","2023-06-01","2023-02-13","2023 Semester","455","2023-01-07 00:00:00","90"
"117","Immātīn kindergarten","42480 Schiller Way","32.192361","35.159475","theritege28@gmail.com","6035674585","Palestine","Immātīn",,"summary","2019-02-21 18:42:00","78","2023-01-12","2023-05-12","2023-01-23","2022 Semester","469","2022-12-17 00:00:00","117"
"20","Irqa Kindergarten","Iraq, Ciro","31.899435","35.212263","iraq@edu.com","12515421","Egypt","Ciro","www.ciro.com","summary","2022-12-01 07:08:58","80","2023-01-20","2023-05-20","2023-01-31","2022 Semester","190","2022-12-25 00:00:00","20"
"37","Jaba‘ kindergarten","9138 Karstens Park","32.325027","35.220164","bmcgougan0@gmail.com","4542250664","Palestine","Jaba‘",,"summary","2021-06-07 06:49:00","81","2023-01-13","2023-05-13","2023-01-24","2022 Semester","447","2022-12-18 00:00:00","37"
"164","Jīt kindergarten","28619 Hazelcrest Alley","32.213184","35.170689","khackford3j@gmail.com","5174439316","Palestine","Jīt",,"summary","2022-10-22 01:35:00","82","2023-01-17","2023-05-17","2023-01-28","2022 Semester","337","2022-12-22 00:00:00","164"
"75","Jūrat ash Sham‘ah kindergarten","9 Ryan Lane","31.650510","35.170010","skedwell12@gmail.com","9345750386","Palestine","Jūrat ash Sham‘ah",,"summary","2021-02-18 13:05:00","83","2023-01-18","2023-05-18","2023-01-29","2022 Semester","450","2022-12-23 00:00:00","75"
"98","Jūrīsh kindergarten","18 Petterle Circle","32.102330","35.321847","cstener1p@gmail.com","9736822599","Palestine","Jūrīsh",,"summary","2022-07-02 19:27:00","84","2023-01-26","2023-05-25","2023-02-06","2022 Semester","207","2022-12-31 00:00:00","98"
"133","Kafr Dān kindergarten","841 Ridgeview Terrace","32.477977","35.253787","gchart2o@gmail.com","9035656359","Palestine","Kafr Dān",,"summary","2019-01-31 00:08:00","85","2023-01-09","2023-05-09","2023-01-20","2022 Semester","283","2022-12-14 00:00:00","133"
"153","Karney Shomron kindergarten","39 Sugar Road","32.171553","35.097462","cjakubovitch38@gmail.com","1142231017","Palestine","Karney Shomron",,"summary","2022-06-07 16:37:00","86","2023-01-24","2023-05-24","2023-02-04","2022 Semester","275","2022-12-29 00:00:00","153"
"78","Khallat Şāliḩ kindergarten","43517 Grim Plaza","31.420130","35.115160","ptofts15@gmail.com","5766906482","Palestine","Khallat Şāliḩ",,"summary","2019-04-18 22:33:00","87","2023-01-12","2023-05-12","2023-01-23","2022 Semester","178","2022-12-17 00:00:00","78"
"5","Kiddy","Palestine, Nablus","32.040000","35.980000","kiddy@edu.com","0123456789","Palestine","Nablus","www.kiddy2.com","summary","2022-11-27 18:39:30","88","2023-02-02","2023-06-01","2023-02-13","2023 Semester","340","2023-01-07 00:00:00","5"
"23","lebanon Kindergarten","Iraq, Baghdad","31.899435","35.212263","lebanon@edu.com","12515421","Iraq","Baghdad","www.irqa.com","summary","2022-12-01 07:11:13","89","2023-01-31","2023-05-30","2023-02-11","2023 Semester","446","2023-01-05 00:00:00","23"
"32","Libya kiddy","Libya, Tahran","46.768610","24.688413","libya.kiddy@edu.com","56497542","Saudi Arabia","reyad","www.ammany.com","summary","2022-12-01 07:19:28","90","2023-01-11","2023-05-11","2023-01-22","2022 Semester","167","2022-12-16 00:00:00","32"
"36","libyaa kiddy","Oman, Masqat","46.860567","24.772688","masqat22.kiddy@edu.com","56497542","Saudi Arabia","reyad","www.ammany.com","summary","2022-12-01 07:21:21","91","2023-01-20","2023-05-20","2023-01-31","2022 Semester","170","2022-12-25 00:00:00","36"
"95","Main‘Arab ar Rashāydah kindergarten","5060 Fremont Park","31.571120","35.232270","etunnock1m@gmail.com","8501785569","Palestine","‘Arab ar Rashāydah",,"summary","2019-11-10 12:45:00","92","2023-01-26","2023-05-25","2023-02-06","2022 Semester","387","2022-12-31 00:00:00","95"
"277","Al Balyanā kindergarten","6 Northridge Junction","32.002981","26.235438","mmartinsonp@gmail.com","5422361918","Egypt","Al Balyanā",,"summary","2019-06-17 13:16:00","93","2023-01-19","2023-05-19","2023-01-30","2022 Semester","207","2022-12-24 00:00:00","277"
"128","Main‘Attīl kindergarten","5 Onsgard Trail","32.370069","35.072538","imacgee2j@gmail.com","1847315925","Palestine","‘Attīl",,"summary","2019-06-01 18:09:00","94","2023-01-06","2023-05-06","2023-01-17","2022 Semester","415","2022-12-11 00:00:00","128"
"81","MainAl ‘Awjā kindergarten","1 Dapin Drive","31.950690","35.467560","mdagwell18@gmail.com","4459784350","Palestine","Al ‘Awjā",,"summary","2019-09-20 04:30:00","95","2023-01-10","2023-05-10","2023-01-21","2022 Semester","261","2022-12-15 00:00:00","81"
"131","MainAl Bīrah kindergarten","449 Fallview Junction","31.910010","35.216450","mross2m@gmail.com","4856175585","Palestine","Al Bīrah",,"summary","2020-10-31 11:10:00","96","2023-01-17","2023-05-17","2023-01-28","2022 Semester","346","2022-12-22 00:00:00","131"
"160","MainAl Buq‘ah kindergarten","11124 Oriole Lane","31.534495","35.124528","pburke3f@gmail.com","8839605185","Palestine","Al Buq‘ah",,"summary","2020-06-07 14:37:00","97","2023-01-29","2023-05-28","2023-02-09","2023 Semester","448","2023-01-03 00:00:00","160"
"69","MainAl Lubban al Gharbī kindergarten","4 Redwing Center","32.035776","35.038365","hclayfieldw@gmail.com","9267042495","Palestine","Al Lubban al Gharbī",,"summary","2022-05-12 08:36:00","98","2023-01-27","2023-05-26","2023-02-07","2023 Semester","206","2023-01-01 00:00:00","69"
"123","MainAl Mazra‘ah ash Sharqīyah kindergarten","883 Thompson Street","32.000180","35.281520","apley2e@gmail.com","7935582946","Palestine","Al Mazra‘ah ash Sharqīyah",,"summary","2019-07-29 07:54:00","99","2023-01-16","2023-05-16","2023-01-27","2022 Semester","313","2022-12-21 00:00:00","123"
"135","MainAl Mughayyir kindergarten","62 Claremont Park","32.421701","35.386433","sberthod2q@gmail.com","7927753230","Palestine","Al Mughayyir",,"summary","2019-05-14 22:43:00","100","2023-02-04","2023-06-03","2023-02-15","2023 Semester","218","2023-01-09 00:00:00","135"
"120","MainAn Naşr kindergarten","7592 Oak Circle","32.119799","34.986653","nmeth2b@gmail.com","3981577463","Palestine","An Naşr",,"summary","2020-06-27 01:10:00","101","2023-01-19","2023-05-19","2023-01-30","2022 Semester","214","2022-12-24 00:00:00","120"
"127","MainAn Naşşārīyah kindergarten","36 Lawn Pass","32.236470","35.387110","cgorner2i@gmail.com","5323018467","Palestine","An Naşşārīyah",,"summary","2018-08-02 11:39:00","102","2023-01-12","2023-05-12","2023-01-23","2022 Semester","175","2022-12-17 00:00:00","127"
"110","MainAţ Ţaybah kindergarten","1473 Park Meadow Lane","31.953880","35.299800","dwoodcraft21@gmail.com","4166162910","Palestine","Aţ Ţaybah",,"summary","2022-05-09 01:17:00","103","2023-01-17","2023-05-17","2023-01-28","2022 Semester","232","2022-12-22 00:00:00","110"
"157","MainBardalah kindergarten","71195 Sycamore Pass","32.386320","35.480840","glarmor3c@gmail.com","4506333674","Palestine","Bardalah",,"summary","2019-11-01 04:24:00","104","2023-02-03","2023-06-02","2023-02-14","2023 Semester","383","2023-01-08 00:00:00","157"
"109","MainBayt ‘Ūr at Taḩtā kindergarten","91 Hagan Way","31.896090","35.081780","tgilluley20@gmail.com","3491306454","Palestine","Bayt ‘Ūr at Taḩtā",,"summary","2021-08-16 20:30:00","105","2023-02-04","2023-06-03","2023-02-15","2023 Semester","400","2023-01-09 00:00:00","109"
"151","MainBayt Ta‘mar kindergarten","0 Clarendon Court","31.678719","35.241822","kcamp36@gmail.com","2222250952","Palestine","Bayt Ta‘mar",,"summary","2022-07-11 10:59:00","106","2023-01-31","2023-05-30","2023-02-11","2023 Semester","420","2023-01-05 00:00:00","151"
"137","MainBazzāryah kindergarten","87161 Pawling Pass","32.307980","35.165930","aabrahami2s@gmail.com","8904804046","Palestine","Bazzāryah",,"summary","2022-10-06 07:15:00","107","2023-01-17","2023-05-17","2023-01-28","2022 Semester","481","2022-12-22 00:00:00","137"
"289","MainUmm as Sāhik kindergarten","401 Anzinger Pass","49.912345","26.651956","sbruhnicke7@gmail.com","6013544640","Saudi Arabia","Umm as Sāhik",,"summary","2018-09-22 21:39:00","108","2023-01-13","2023-05-13","2023-01-24","2022 Semester","333","2022-12-18 00:00:00","289"
"283","Al Muwayh kindergarten","70 Burrows Street","41.750000","22.430000","cstowgill1@gmail.com","3704763237","Saudi Arabia","Al Muwayh",,"summary","2020-06-06 10:47:00","109","2023-01-09","2023-05-09","2023-01-20","2022 Semester","214","2022-12-14 00:00:00","283"
"71","MainJifnā kindergarten","814 Shasta Trail","31.963463","35.215092","rklimowiczy@gmail.com","2635233204","Palestine","Jifnā",,"summary","2019-10-07 17:25:00","110","2023-02-03","2023-06-02","2023-02-14","2023 Semester","197","2023-01-08 00:00:00","71"
"72","MainJuḩr ad Dīk kindergarten","8539 Ridgeway Road","31.455710","34.437190","dballsdonz@gmail.com","7961840483","Palestine","Juḩr ad Dīk",,"summary","2020-11-25 02:20:00","111","2023-01-06","2023-05-06","2023-01-17","2022 Semester","491","2022-12-11 00:00:00","72"
"293","MainAbha kindergarten","19579 Sauthoff Plaza","42.511724","18.246469","spointsb@gmail.com","8907341324","Saudi Arabia","Abha",,"summary","2021-06-10 20:11:00","112","2023-01-28","2023-05-27","2023-02-08","2023 Semester","440","2023-01-02 00:00:00","293"
"292","Al Khafjī kindergarten","5 Bartillon Court","48.488722","28.425662","ppuviaa@gmail.com","4646354682","Saudi Arabia","Al Khafjī",,"summary","2022-12-21 22:05:00","113","2023-01-12","2023-05-12","2023-01-23","2022 Semester","364","2022-12-17 00:00:00","292"
"159","MainKafr Thulth kindergarten","08023 Ridgeway Junction","32.152799","35.045290","tseago3e@gmail.com","9793138787","Palestine","Kafr Thulth",,"summary","2020-03-30 04:02:00","114","2023-01-26","2023-05-25","2023-02-06","2022 Semester","166","2022-12-31 00:00:00","159"
"103","MainKafr Zībād kindergarten","0 Wayridge Road","32.225262","35.070676","ecrichton1u@gmail.com","1823051970","Palestine","Kafr Zībād",,"summary","2022-08-02 00:49:00","115","2023-01-22","2023-05-22","2023-02-02","2022 Semester","286","2022-12-27 00:00:00","103"
"287","Al ‘Ulá kindergarten","946 Troy Pass","37.967865","26.550264","awharton5@gmail.com","9133093526","Saudi Arabia","Al ‘Ulá",,"summary","2021-03-06 13:19:00","116","2023-01-12","2023-05-12","2023-01-23","2022 Semester","383","2022-12-17 00:00:00","287"
"282","CentralUmm as Sāhik kindergarten","9590 Starling Road","49.912345","26.651956","akeyden0@gmail.com","8779967574","Saudi Arabia","Umm as Sāhik",,"summary","2021-07-07 15:34:00","117","2023-01-24","2023-05-24","2023-02-04","2022 Semester","272","2022-12-29 00:00:00","282"
"161","MainMislīyah kindergarten","8 Northview Road","32.386130","35.287800","wimlaw3g@gmail.com","4332105338","Palestine","Mislīyah",,"summary","2022-06-25 15:08:00","118","2023-01-27","2023-05-26","2023-02-07","2023 Semester","335","2023-01-01 00:00:00","161"
"41","MainQalqīlyah kindergarten","28142 Larry Pass","32.189660","34.970630","hmorrison4@gmail.com","4104389316","Palestine","Qalqīlyah",,"summary","2022-10-26 21:42:00","119","2023-01-25","2023-05-25","2023-02-05","2022 Semester","438","2022-12-30 00:00:00","41"
"284","CentralTabūk kindergarten","6422 Dawn Place","36.566191","28.383508","rpluvier2@gmail.com","4244007546","Saudi Arabia","Tabūk",,"summary","2020-06-07 11:53:00","120","2023-02-02","2023-06-01","2023-02-13","2023 Semester","213","2023-01-07 00:00:00","284"
"113","MainQaţanah kindergarten","96591 Randy Drive","31.833660","35.118940","jchupin24@gmail.com","5308262800","Palestine","Qaţanah",,"summary","2018-11-27 11:06:00","121","2023-01-28","2023-05-27","2023-02-08","2023 Semester","213","2023-01-02 00:00:00","113"
"102","MainQīrah kindergarten","39869 Banding Way","32.122140","35.171730","ctobias1t@gmail.com","6279761770","Palestine","Qīrah",,"summary","2022-04-10 18:27:00","122","2023-01-19","2023-05-19","2023-01-30","2022 Semester","499","2022-12-24 00:00:00","102"
"58","MainRantīs kindergarten","34 International Junction","32.029973","35.018973","rswadlingel@gmail.com","6081257054","Palestine","Rantīs",,"summary","2020-05-28 23:32:00","123","2023-01-30","2023-05-29","2023-02-10","2023 Semester","184","2023-01-04 00:00:00","58"
"108","MainŞānūr kindergarten","870 Lunder Crossing","32.358901","35.246147","ttottman1z@gmail.com","2725109257","Palestine","Şānūr",,"summary","2021-03-14 15:54:00","124","2023-01-18","2023-05-18","2023-01-29","2022 Semester","221","2022-12-23 00:00:00","108"
"291","Riyadh kindergarten","27935 Barby Way","46.675296","24.713552","cgary9@gmail.com","5062201669","Saudi Arabia","Riyadh",,"summary","2020-08-04 13:42:00","125","2023-01-29","2023-05-28","2023-02-09","2023 Semester","474","2023-01-03 00:00:00","291"
"154","MainYa‘bad kindergarten","11 Knutson Street","32.446834","35.167274","garckoll39@gmail.com","6204791114","Palestine","Ya‘bad",,"summary","2019-02-17 13:19:00","126","2023-01-25","2023-05-25","2023-02-05","2022 Semester","152","2022-12-30 00:00:00","154"
"47","MainYuta kindergarten","31 Southridge Pass","31.444150","35.090105","jtrembletta@gmail.com","4331343538","Palestine","Yuta",,"summary","2020-03-31 15:52:00","127","2023-01-10","2023-05-10","2023-01-21","2022 Semester","415","2022-12-15 00:00:00","47"
"111","Majdal Banī Fāḑil kindergarten","03297 Jenifer Parkway","32.082978","35.364579","auphill22@gmail.com","8496712119","Palestine","Majdal Banī Fāḑil",,"summary","2021-01-07 16:49:00","128","2023-01-13","2023-05-13","2023-01-24","2022 Semester","164","2022-12-18 00:00:00","111"
"34","masqat kiddy","Oman, Masqat","46.664641","24.827211","masqat.kiddy@edu.com","56497542","Saudi Arabia","reyad","www.ammany.com","summary","2022-12-01 07:20:24","129","2023-01-18","2023-05-18","2023-01-29","2022 Semester","341","2022-12-23 00:00:00","34"
"162","Maythalūn kindergarten","4331 Northwestern Park","32.347980","35.274460","eferreira3h@gmail.com","8345423240","Palestine","Maythalūn",,"summary","2021-02-04 09:09:00","130","2023-01-23","2023-05-23","2023-02-03","2022 Semester","440","2022-12-28 00:00:00","162"
"140","Naḩḩālīn kindergarten","08777 Dapin Drive","31.685608","35.120362","cruvel2v@gmail.com","2826349569","Palestine","Naḩḩālīn",,"summary","2020-04-21 16:32:00","131","2023-01-23","2023-05-23","2023-02-03","2022 Semester","320","2022-12-28 00:00:00","140"
"290","NewUmm as Sāhik kindergarten","12291 Hooker Trail","49.912345","26.651956","klees8@gmail.com","9015114175","Saudi Arabia","Umm as Sāhik",,"summary","2019-09-29 09:21:00","132","2023-01-21","2023-05-21","2023-02-01","2022 Semester","239","2022-12-26 00:00:00","290"
"149","New‘Attīl kindergarten","0795 Loftsgordon Trail","32.370069","35.072538","dstanbro34@gmail.com","1268705347","Palestine","‘Attīl",,"summary","2021-04-12 09:25:00","133","2023-01-14","2023-05-14","2023-01-25","2022 Semester","154","2022-12-19 00:00:00","149"
"141","NewAl Bīrah kindergarten","664 Manufacturers Road","31.910010","35.216450","lhenryson2w@gmail.com","6177285769","Palestine","Al Bīrah",,"summary","2022-11-15 11:58:00","134","2023-02-02","2023-06-01","2023-02-13","2023 Semester","410","2023-01-07 00:00:00","141"
"294","Al Muţayrifī kindergarten","908 Old Gate Trail","49.554733","25.482034","gmogridgec@gmail.com","1544464964","Saudi Arabia","Al Muţayrifī",,"summary","2018-07-24 09:55:00","135","2023-01-13","2023-05-13","2023-01-24","2022 Semester","207","2022-12-18 00:00:00","294"
"295","Farasān kindergarten","2334 Saint Paul Center","42.120984","16.701895","creddihoughd@gmail.com","1226687189","Saudi Arabia","Farasān",,"summary","2022-10-24 08:42:00","136","2023-01-06","2023-05-06","2023-01-17","2022 Semester","444","2022-12-11 00:00:00","295"
"152","NewAl Mughayyir kindergarten","352 Ryan Terrace","32.421701","35.386433","tdecourt37@gmail.com","3296342863","Palestine","Al Mughayyir",,"summary","2021-02-18 05:20:00","137","2023-01-06","2023-05-06","2023-01-17","2022 Semester","184","2022-12-11 00:00:00","152"
"286","CentralAbha kindergarten","28 Holy Cross Avenue","42.511724","18.246469","ttessier4@gmail.com","5243784389","Saudi Arabia","Abha",,"summary","2020-05-19 10:53:00","138","2023-01-09","2023-05-09","2023-01-20","2022 Semester","351","2022-12-14 00:00:00","286"
"148","NewBazzāryah kindergarten","27 Havey Lane","32.307980","35.165930","scoveny33@gmail.com","8914592613","Palestine","Bazzāryah",,"summary","2021-01-15 19:17:00","139","2023-01-30","2023-05-29","2023-02-10","2023 Semester","478","2023-01-04 00:00:00","148"
"106","NewJifnā kindergarten","11373 Mccormick Way","31.963463","35.215092","geasterfield1x@gmail.com","5581907839","Palestine","Jifnā",,"summary","2018-07-14 02:59:00","140","2023-01-13","2023-05-13","2023-01-24","2022 Semester","401","2022-12-18 00:00:00","106"
"146","NewJuḩr ad Dīk kindergarten","478 Main Way","31.455710","34.437190","rhadwen31@gmail.com","2458204422","Palestine","Juḩr ad Dīk",,"summary","2022-09-22 16:53:00","141","2023-01-08","2023-05-08","2023-01-19","2022 Semester","482","2022-12-13 00:00:00","146"
"298","Al Hufūf kindergarten","6404 Hollow Ridge Trail","49.629908","25.314156","gbailesg@gmail.com","3766964012","Saudi Arabia","Al Hufūf",,"summary","2020-06-22 19:13:00","142","2023-01-28","2023-05-27","2023-02-08","2023 Semester","420","2023-01-02 00:00:00","298"
"54","NewQalqīlyah kindergarten","1 Florence Parkway","32.189660","34.970630","stunnoh@gmail.com","9616865440","Palestine","Qalqīlyah",,"summary","2022-06-05 09:55:00","143","2023-01-13","2023-05-13","2023-01-24","2022 Semester","422","2022-12-18 00:00:00","54"
"147","NewQaţanah kindergarten","6 Lakeland Center","31.833660","35.118940","lkubes32@gmail.com","4191360360","Palestine","Qaţanah",,"summary","2022-09-09 09:34:00","144","2023-01-11","2023-05-11","2023-01-22","2022 Semester","357","2022-12-16 00:00:00","147"
"134","NewQīrah kindergarten","071 Northwestern Avenue","32.122140","35.171730","kpolgreen2p@gmail.com","2766586450","Palestine","Qīrah",,"summary","2021-06-15 19:46:00","145","2023-01-11","2023-05-11","2023-01-22","2022 Semester","158","2022-12-16 00:00:00","134"
"94","NewRantīs kindergarten","3 Amoth Point","32.029973","35.018973","vhallihane1l@gmail.com","3555197461","Palestine","Rantīs",,"summary","2022-09-29 08:34:00","146","2023-01-09","2023-05-09","2023-01-20","2022 Semester","278","2022-12-14 00:00:00","94"
"288","MainTabūk kindergarten","80 Dexter Point","36.566191","28.383508","aroston6@gmail.com","1271208252","Saudi Arabia","Tabūk",,"summary","2019-11-21 06:05:00","147","2023-01-15","2023-05-15","2023-01-26","2022 Semester","490","2022-12-20 00:00:00","288"
"49","Qaffīn kindergarten","8808 Forest Way","32.433378","35.084300","dtremainec@gmail.com","6572570376","Palestine","Qaffīn",,"summary","2022-10-01 14:49:00","148","2023-01-18","2023-05-18","2023-01-29","2022 Semester","394","2022-12-23 00:00:00","49"
"150","Qalandiyā kindergarten","42 Florence Trail","31.861597","35.207914","pskym35@gmail.com","8523704445","Palestine","Qalandiyā",,"summary","2019-11-02 18:55:00","149","2023-01-16","2023-05-16","2023-01-27","2022 Semester","364","2022-12-21 00:00:00","150"
"105","Qarāwat Banī Zayd kindergarten","117 Dahle Terrace","32.054700","35.129080","ksnow1w@gmail.com","2834462703","Palestine","Qarāwat Banī Zayd",,"summary","2020-08-10 05:59:00","150","2023-01-25","2023-05-25","2023-02-05","2022 Semester","461","2022-12-30 00:00:00","105"
"80","Rammūn kindergarten","986 Lakewood Gardens Pass","31.927317","35.299468","kdreossi17@gmail.com","1071657963","Palestine","Rammūn",,"summary","2021-11-25 08:39:00","151","2023-02-01","2023-05-31","2023-02-12","2023 Semester","369","2023-01-06 00:00:00","80"
"31","reyad kiddy","Saudi Arabia, Tahran","46.708166","24.490877","arabia.kiddy@edu.com","56497542","Saudi Arabia","reyad","www.ammany.com","summary","2022-12-01 07:18:29","152","2023-01-17","2023-05-17","2023-01-28","2022 Semester","449","2022-12-22 00:00:00","31"
"30","reyad kindergarten","Saudi Arabia, Tahran","46.429664","24.720824","arabia2@edu.com","56497542","Saudi Arabia","reyad","www.ammany.com","summary","2022-12-01 07:18:17","154","2023-02-02","2023-06-01","2023-02-13","2023 Semester","374","2023-01-07 00:00:00","30"
"46","Shūkat aş Şūfī kindergarten","99 Fremont Parkway","31.259970","34.282600","mcogzell9@gmail.com","3124854900","Palestine","Shūkat aş Şūfī",,"summary","2019-09-04 17:50:00","155","2023-01-10","2023-05-10","2023-01-21","2022 Semester","256","2022-12-15 00:00:00","46"
"165","Sīlat al Ḩārithīyah kindergarten","4 Steensland Parkway","32.508470","35.227520","ajacquet3k@gmail.com","3444953147","Palestine","Sīlat al Ḩārithīyah",,"summary","2019-04-03 04:42:00","156","2023-02-02","2023-06-01","2023-02-13","2023 Semester","467","2023-01-07 00:00:00","165"
"33","Sudan kiddy","Libya, Tahran","46.783108","24.794877","sudan.kiddy@edu.com","56497542","Saudi Arabia","reyad","www.ammany.com","summary","2022-12-01 07:19:48","157","2023-01-13","2023-05-13","2023-01-24","2022 Semester","491","2022-12-18 00:00:00","33"
"296","Ar Rass kindergarten","664 Del Mar Plaza","43.522231","25.851748","rsteete@gmail.com","7794313433","Saudi Arabia","Ar Rass",,"summary","2019-03-02 04:13:00","158","2023-01-07","2023-05-07","2023-01-18","2022 Semester","283","2022-12-12 00:00:00","296"
"87","Tarqūmyā kindergarten","61 Thompson Alley","31.575510","35.012230","rwarke1e@gmail.com","4964434634","Palestine","Tarqūmyā",,"summary","2020-10-01 12:09:00","159","2023-01-20","2023-05-20","2023-01-31","2022 Semester","393","2022-12-25 00:00:00","87"
"112","Till kindergarten","706 Loomis Place","32.200680","35.212930","jcicetti23@gmail.com","5862848378","Palestine","Till",,"summary","2018-07-27 20:01:00","160","2023-01-30","2023-05-29","2023-02-10","2023 Semester","283","2023-01-04 00:00:00","112"
"145","Ūdalah kindergarten","22348 6th Point","32.153630","35.276460","dseivertsen30@gmail.com","6589592200","Palestine","Ūdalah",,"summary","2020-03-16 23:33:00","161","2023-01-18","2023-05-18","2023-01-29","2022 Semester","255","2022-12-23 00:00:00","145"
"122","Wādī as Salqā kindergarten","4 Stephen Road","31.396843","34.365268","sedmonds2d@gmail.com","8187070387","Palestine","Wādī as Salqā",,"summary","2018-12-14 00:16:00","162","2023-01-28","2023-05-27","2023-02-08","2023 Semester","405","2023-01-02 00:00:00","122"
"297","As Sulayyil kindergarten","448 Iowa Hill","45.562939","20.466868","hzumbuschf@gmail.com","2952366061","Saudi Arabia","As Sulayyil",,"summary","2020-12-09 05:03:00","163","2023-01-13","2023-05-13","2023-01-24","2022 Semester","230","2022-12-18 00:00:00","297"
"84","Yāsūf kindergarten","973 Laurel Alley","32.109371","35.239715","jpockey1b@gmail.com","7357913251","Palestine","Yāsūf",,"summary","2021-06-14 21:27:00","164","2023-01-07","2023-05-07","2023-01-18","2022 Semester","263","2022-12-12 00:00:00","84"
"91","Zubūbah kindergarten","1 David Center","32.543460","35.222740","gjane1i@gmail.com","3727401119","Palestine","Zubūbah",,"summary","2022-04-20 06:38:00","165","2023-02-02","2023-06-01","2023-02-13","2023 Semester","383","2023-01-07 00:00:00","91"
"166","MainKhursā kindergarten","39 Ludington Parkway","31.440961","34.997440","elaybourn3l@gmail.com","4179031420","Palestine","Khursā",,"summary","2018-07-23 15:07:00","166","2023-02-21","2023-06-21","2023-03-05","2023 Semester","328","2023-02-21 01:39:00","166"
"167","Main‘Aşīrah al Qiblīyah kindergarten","9 Meadow Valley Center","32.178420","35.215690","cbarnewell3m@gmail.com","8468445122","Palestine","‘Aşīrah al Qiblīyah",,"summary","2019-11-07 10:52:00","168","2023-01-23","2023-05-23","2023-02-04","2023 Semester","323","2023-01-23 15:17:00","167"
"168","Ḩablah kindergarten","77 Sutherland Avenue","32.165230","34.977480","abraybrooke3n@gmail.com","4504903556","Palestine","Ḩablah",,"summary","2020-11-28 01:22:00","169","2023-03-04","2023-07-04","2023-03-16","2023 Semester","395","2023-03-04 01:57:00","168"
"169","NewKafr Thulth kindergarten","979 High Crossing Plaza","32.152799","35.045290","fnorcross3o@gmail.com","3967638012","Palestine","Kafr Thulth",,"summary","2020-07-20 01:27:00","170","2023-02-14","2023-06-14","2023-02-26","2023 Semester","321","2023-02-14 21:25:00","169"
"170","Al Majd kindergarten","91801 Golf Course Road","31.881010","35.219546","dcarlos3p@gmail.com","6612543373","Palestine","Al Majd",,"summary","2019-03-09 19:54:00","171","2023-03-03","2023-07-03","2023-03-15","2023 Semester","218","2023-03-03 21:58:00","170"
"171","MainKafr Şūr kindergarten","9 Leroy Way","32.244032","35.064616","lnevison3q@gmail.com","4063977201","Palestine","Kafr Şūr",,"summary","2018-10-04 22:40:00","172","2023-02-10","2023-06-10","2023-02-22","2023 Semester","392","2023-02-10 10:21:00","171"
"172","NewAl Lubban al Gharbī kindergarten","3924 Logan Court","32.035776","35.038365","czanioletti3r@gmail.com","4324411946","Palestine","Al Lubban al Gharbī",,"summary","2021-03-09 07:12:00","173","2023-02-07","2023-06-07","2023-02-19","2023 Semester","127","2023-02-07 03:29:00","172"
"173","MainIdhnā kindergarten","327 Arrowood Trail","31.557252","34.979243","acano3s@gmail.com","8793319938","Palestine","Idhnā",,"summary","2022-09-08 08:41:00","174","2023-02-16","2023-06-16","2023-02-28","2023 Semester","296","2023-02-16 19:16:00","173"
"174","Ţammūn kindergarten","8 Blackbird Crossing","32.283121","35.385789","pknox3t@gmail.com","6919120687","Palestine","Ţammūn",,"summary","2020-10-19 13:53:00","175","2023-03-11","2023-07-11","2023-03-23","2023 Semester","342","2023-03-11 01:25:00","174"
"175","Wādī Raḩḩāl kindergarten","79 Delladonna Court","31.665160","35.167270","wstoddart3u@gmail.com","3105268284","Palestine","Wādī Raḩḩāl",,"summary","2018-06-20 12:10:00","176","2023-02-08","2023-06-08","2023-02-20","2023 Semester","234","2023-02-08 17:24:00","175"
"176","NewAn Naşr kindergarten","676 Green Park","32.119799","34.986653","sramelet3v@gmail.com","4175752414","Palestine","An Naşr",,"summary","2020-02-11 13:09:00","177","2023-02-16","2023-06-16","2023-02-28","2023 Semester","273","2023-02-16 13:54:00","176"
"177","MainQaryūt kindergarten","3 Hudson Street","32.070084","35.295280","thullock3w@gmail.com","3936001157","Palestine","Qaryūt",,"summary","2022-01-20 16:53:00","178","2023-03-02","2023-07-02","2023-03-14","2023 Semester","373","2023-03-02 00:03:00","177"
"178","MainMardā kindergarten","99 Hansons Alley","32.114217","35.195851","bkeward3x@gmail.com","3486156086","Palestine","Mardā",,"summary","2021-09-01 03:40:00","179","2023-02-15","2023-06-15","2023-02-27","2023 Semester","322","2023-02-15 20:27:00","178"
"179","NewAl Mazra‘ah ash Sharqīyah kindergarten","27293 Loeprich Circle","32.000180","35.281520","lbotten3y@gmail.com","8961756113","Palestine","Al Mazra‘ah ash Sharqīyah",,"summary","2021-09-26 01:23:00","180","2023-02-02","2023-06-02","2023-02-14","2023 Semester","167","2023-02-02 10:05:00","179"
"180","MainKafr ad Dīk kindergarten","544 Pawling Road","32.067100","35.082870","mmowsdale3z@gmail.com","6782695680","Palestine","Kafr ad Dīk",,"summary","2020-06-27 18:24:00","181","2023-02-04","2023-06-04","2023-02-16","2023 Semester","167","2023-02-04 23:56:00","180"
"181","Bīr Nabālā kindergarten","54994 Sutteridge Circle","31.851182","35.200835","bfewings40@gmail.com","8011483785","Palestine","Bīr Nabālā",,"summary","2021-03-30 03:05:00","182","2023-01-25","2023-05-25","2023-02-06","2023 Semester","158","2023-01-25 11:42:00","181"
"183","NewYuta kindergarten","530 Rieder Trail","31.444150","35.090105","sbielby42@gmail.com","6293591382","Palestine","Yuta",,"summary","2020-06-16 00:30:00","184","2023-02-27","2023-06-27","2023-03-11","2023 Semester","300","2023-02-27 01:21:00","183"
"184","MainBurqah kindergarten","05371 Fulton Crossing","31.896059","35.254768","dmcgeachey43@gmail.com","8404140465","Palestine","Burqah",,"summary","2021-04-04 06:55:00","185","2023-02-11","2023-06-11","2023-02-23","2023 Semester","326","2023-02-11 14:02:00","184"
"185","New‘Arab ar Rashāydah kindergarten","14 Jana Point","31.571120","35.232270","sjessopp44@gmail.com","5641868413","Palestine","‘Arab ar Rashāydah",,"summary","2021-01-28 17:58:00","186","2023-02-07","2023-06-07","2023-02-19","2023 Semester","189","2023-02-07 14:02:00","185"
"186","MainSīrīs kindergarten","8506 La Follette Junction","32.328224","35.292369","kcorbridge45@gmail.com","5029322090","Palestine","Sīrīs",,"summary","2020-05-22 01:55:00","187","2023-02-23","2023-06-23","2023-03-07","2023 Semester","353","2023-02-23 09:23:00","186"
"187","CentralAqaba kindergarten","1 Caliangt Circle","35.006321","29.532052","hblaxland0@gmail.com","1582368536","Jordan","Aqaba",,"summary","2018-02-21 14:13:00","188","2023-01-23","2023-05-23","2023-02-04","2023 Semester","311","2023-02-22 22:51:00","187"
"188","‘Ajlūn kindergarten","4 Westend Lane","35.751742","32.332560","rismirnioglou1@gmail.com","7375431615","Jordan","‘Ajlūn",,"summary","2018-04-08 11:56:00","189","2022-12-31","2023-04-30","2023-01-12","2023 Semester","112","2023-01-30 16:21:00","188"
"189","CentralUmm as Summāq kindergarten","7 Comanche Court","35.849203","31.978024","rleipoldt2@gmail.com","2403882129","Jordan","Umm as Summāq",,"summary","2021-03-04 18:51:00","190","2023-01-10","2023-05-10","2023-01-22","2023 Semester","202","2023-02-09 02:09:00","189"
"190","CentralJāwā kindergarten","393 Reinke Point","35.936274","31.857764","igrayley3@gmail.com","4746643166","Jordan","Jāwā",,"summary","2019-07-01 08:31:00","191","2023-01-21","2023-05-21","2023-02-02","2023 Semester","360","2023-02-20 10:51:00","190"
"191","MainAqaba kindergarten","6888 Maywood Lane","35.006321","29.532052","sudey4@gmail.com","4802669127","Jordan","Aqaba",,"summary","2022-05-18 14:16:00","192","2023-01-09","2023-05-09","2023-01-21","2023 Semester","349","2023-02-08 13:20:00","191"
"192","Aţ Ţafīlah kindergarten","71480 Barby Pass","35.616056","30.833706","zmckane5@gmail.com","6251885745","Jordan","Aţ Ţafīlah",,"summary","2021-09-02 01:46:00","193","2023-01-30","2023-06-01","2023-02-11","2023 Semester","321","2023-03-01 06:09:00","192"
"193","‘Izrā kindergarten","20 Fordem Pass","36.225112","32.844941","mjoyes6@gmail.com","6574653632","Jordan","‘Izrā",,"summary","2020-12-24 11:16:00","194","2023-02-11","2023-06-13","2023-02-23","2023 Semester","316","2023-03-13 11:51:00","193"
"194","CentralRusseifa kindergarten","41 Forest Run Trail","36.049411","32.016941","hmattiazzo7@gmail.com","3661116636","Jordan","Russeifa",,"summary","2022-01-25 11:40:00","195","2023-01-15","2023-05-15","2023-01-27","2023 Semester","189","2023-02-14 12:02:00","194"
"195","CentralḨātim kindergarten","59008 Ronald Regan Avenue","35.777220","32.645190","crihosek8@gmail.com","3776558649","Jordan","Ḩātim",,"summary","2022-04-15 07:51:00","196","2023-01-05","2023-05-05","2023-01-17","2023 Semester","170","2023-02-04 01:59:00","195"
"196","CentralBalīlā kindergarten","682 Bashford Point","35.936286","32.389131","eharcourt9@gmail.com","3677822456","Jordan","Balīlā",,"summary","2020-12-30 14:52:00","197","2023-01-26","2023-05-26","2023-02-07","2023 Semester","241","2023-02-25 21:40:00","196"
"197","Kafr Sawm kindergarten","663 Monument Plaza","35.802455","32.682129","jughettia@gmail.com","6838293056","Jordan","Kafr Sawm",,"summary","2018-09-28 03:09:00","198","2023-01-07","2023-05-07","2023-01-19","2023 Semester","116","2023-02-06 20:44:00","197"
"198","MainUmm as Summāq kindergarten","44381 Harbort Hill","35.849203","31.978024","bhurburtb@gmail.com","6632761911","Jordan","Umm as Summāq",,"summary","2020-07-21 08:01:00","199","2023-01-31","2023-06-02","2023-02-12","2023 Semester","281","2023-03-02 20:08:00","198"
"199","Jarash kindergarten","434 Kings Street","35.896077","32.274652","tfosbraeyc@gmail.com","3803180121","Jordan","Jarash",,"summary","2019-07-29 04:15:00","200","2023-01-18","2023-05-18","2023-01-30","2023 Semester","220","2023-02-17 09:48:00","199"
"200","CentralSafi kindergarten","008 Grim Alley","35.853029","31.975951","kfonesd@gmail.com","8764504568","Jordan","Safi",,"summary","2020-01-06 20:30:00","201","2023-01-22","2023-05-22","2023-02-03","2023 Semester","149","2023-02-21 02:25:00","200"
"201","MainSafi kindergarten","762 Jana Parkway","35.853029","31.975951","nsagge@gmail.com","3787774127","Jordan","Safi",,"summary","2019-10-11 01:10:00","202","2023-01-02","2023-05-02","2023-01-14","2023 Semester","180","2023-02-01 00:11:00","201"
"202","Central‘Anjarah kindergarten","75 Beilfuss Crossing","35.897045","31.901875","esimcockf@gmail.com","5936424128","Jordan","‘Anjarah",,"summary","2022-01-25 00:01:00","203","2023-02-12","2023-06-14","2023-02-24","2023 Semester","158","2023-03-14 20:08:00","202"
"203","Ḩakamā kindergarten","8940 Butternut Court","35.869531","32.581627","rswedelandg@gmail.com","2463811259","Jordan","Ḩakamā",,"summary","2022-10-02 17:06:00","204","2023-01-18","2023-05-18","2023-01-30","2023 Semester","277","2023-02-17 16:40:00","203"
"204","MainḨātim kindergarten","37 Bobwhite Court","35.777220","32.645190","faldhouseh@gmail.com","9804464859","Jordan","Ḩātim",,"summary","2018-05-05 11:25:00","205","2023-01-29","2023-05-29","2023-02-10","2023 Semester","184","2023-02-28 18:37:00","204"
"205","MainBalīlā kindergarten","2200 Kinsman Way","35.936286","32.389131","lgerrelli@gmail.com","1284260145","Jordan","Balīlā",,"summary","2018-11-04 18:43:00","206","2023-02-09","2023-06-11","2023-02-21","2023 Semester","295","2023-03-11 02:00:00","205"
"206","CentralAr Ramthā kindergarten","2 Mosinee Plaza","36.008697","32.560923","hochterlonyj@gmail.com","3595674032","Jordan","Ar Ramthā",,"summary","2021-05-03 17:51:00","207","2023-01-02","2023-05-02","2023-01-14","2023 Semester","297","2023-02-01 15:06:00","206"
"207","Main‘Anjarah kindergarten","1 Everett Terrace","35.897045","31.901875","lmohammedk@gmail.com","5391028505","Jordan","‘Anjarah",,"summary","2022-07-24 12:17:00","208","2023-01-19","2023-05-19","2023-01-31","2023 Semester","231","2023-02-18 20:49:00","207"
"208","MainJāwā kindergarten","413 Hooker Alley","35.936274","31.857764","gkairnsl@gmail.com","5718459064","Jordan","Jāwā",,"summary","2019-02-05 16:27:00","209","2023-01-14","2023-05-14","2023-01-26","2023 Semester","279","2023-02-13 11:12:00","208"
"209","As Salţ kindergarten","70 Goodland Pass","35.728840","32.036601","dshalloem@gmail.com","4129628554","Jordan","As Salţ",,"summary","2018-12-06 19:11:00","210","2022-12-31","2023-04-30","2023-01-12","2023 Semester","179","2023-01-30 21:25:00","209"
"210","MainAr Ramthā kindergarten","67 Pearson Crossing","36.008697","32.560923","dmoaksonn@gmail.com","1354323070","Jordan","Ar Ramthā",,"summary","2022-02-20 18:23:00","211","2022-12-30","2023-04-29","2023-01-11","2023 Semester","344","2023-01-29 00:04:00","210"
"211","MainRusseifa kindergarten","612 Prairieview Alley","36.049411","32.016941","ctaffarelloo@gmail.com","5449074964","Jordan","Russeifa",,"summary","2018-11-12 20:33:00","212","2023-01-19","2023-05-19","2023-01-31","2023 Semester","292","2023-02-18 05:17:00","211"
"212","Tyre kindergarten","7 Sugar Court","35.203764","33.270489","jjanos0@gmail.com","1284768752","Lebanon","Tyre",,"summary","2018-11-15 12:39:00","213","2023-01-17","2023-05-17","2023-01-29","2023 Semester","378","2023-02-16 18:59:00","212"
"213","Jezzîne kindergarten","06 Comanche Crossing","35.586241","33.540837","cmcginnell1@gmail.com","2005075901","Lebanon","Jezzîne",,"summary","2019-12-29 06:07:00","214","2023-02-12","2023-06-14","2023-02-24","2023 Semester","110","2023-03-14 12:07:00","213"
"214","Bent Jbaïl kindergarten","8 Maple Terrace","35.433526","33.120548","msargerson2@gmail.com","3927776843","Lebanon","Bent Jbaïl",,"summary","2022-02-15 04:56:00","215","2023-01-27","2023-05-27","2023-02-08","2023 Semester","287","2023-02-26 09:34:00","214"
"215","Zghartā kindergarten","26928 Fieldstone Junction","35.895844","34.396316","awigzell3@gmail.com","2416874347","Lebanon","Zghartā",,"summary","2023-01-10 11:43:00","216","2023-01-22","2023-05-22","2023-02-03","2023 Semester","233","2023-02-21 15:59:00","215"
"216","Beirut kindergarten","8 Sunfield Drive","35.501777","33.893791","dclackers4@gmail.com","5195238666","Lebanon","Beirut",,"summary","2022-01-24 20:45:00","217","2022-12-30","2023-04-29","2023-01-11","2023 Semester","387","2023-01-29 14:09:00","216"
"217","Batroûn kindergarten","3913 Ronald Regan Park","35.664290","34.249832","nbengle5@gmail.com","7891495859","Lebanon","Batroûn",,"summary","2018-11-25 06:55:00","218","2023-01-15","2023-05-15","2023-01-27","2023 Semester","137","2023-02-14 02:42:00","217"
"218","CentralZahlé kindergarten","62 Sutherland Circle","35.901978","33.846230","woverton6@gmail.com","7322661351","Lebanon","Zahlé",,"summary","2018-09-28 02:50:00","219","2022-12-26","2023-04-25","2023-01-07","2023 Semester","206","2023-01-25 09:26:00","218"
"219","MainZahlé kindergarten","16584 Fuller Junction","35.901978","33.846230","salenin7@gmail.com","6349632291","Lebanon","Zahlé",,"summary","2021-08-28 11:05:00","220","2022-12-28","2023-04-27","2023-01-09","2023 Semester","370","2023-01-27 04:40:00","219"
"220","Tripoli kindergarten","33 Meadow Vale Center","35.836163","34.434595","rfreed8@gmail.com","4119686564","Lebanon","Tripoli",,"summary","2020-03-31 16:42:00","221","2023-01-20","2023-05-20","2023-02-01","2023 Semester","169","2023-02-19 00:24:00","220"
"221","Marjayoûn kindergarten","4021 Eastlawn Pass","35.588928","33.359476","linnman9@gmail.com","8033468611","Lebanon","Marjayoûn",,"summary","2021-04-06 07:59:00","222","2023-01-25","2023-05-25","2023-02-06","2023 Semester","378","2023-02-24 19:07:00","221"
"222","Ma‘arrat an Nu‘mān kindergarten","96157 Sage Road","36.679543","35.647987","kbartolijn0@gmail.com","7611156681","Syria","Ma‘arrat an Nu‘mān",,"summary","2022-08-24 22:39:00","223","2023-01-26","2023-05-26","2023-02-07","2023 Semester","342","2023-02-25 05:18:00","222"
"223","‘Ayn al ‘Arab kindergarten","52196 Mandrake Trail","38.350011","36.890343","awragge1@gmail.com","7699058404","Syria","‘Ayn al ‘Arab",,"summary","2019-12-18 23:43:00","224","2023-02-01","2023-06-03","2023-02-13","2023 Semester","130","2023-03-03 12:16:00","223"
"224","Central‘Uqayribāt kindergarten","00 Mendota Junction","37.475109","35.035660","hsanthouse2@gmail.com","5451927793","Syria","‘Uqayribāt",,"summary","2022-08-18 14:57:00","225","2023-02-01","2023-06-03","2023-02-13","2023 Semester","175","2023-03-03 07:50:00","224"
"225","‘Irbīn kindergarten","80405 Prairie Rose Circle","36.366060","33.538905","pjosephson3@gmail.com","6521851123","Syria","‘Irbīn",,"summary","2022-03-14 07:38:00","226","2022-12-31","2023-04-30","2023-01-12","2023 Semester","132","2023-01-30 10:07:00","225"
"226","Jablah kindergarten","7 Coolidge Park","35.920655","35.368795","msiccombe4@gmail.com","9771957098","Syria","Jablah",,"summary","2019-02-27 08:31:00","227","2023-02-07","2023-06-09","2023-02-19","2023 Semester","390","2023-03-09 08:02:00","226"
"227","Al Karāmah kindergarten","14 Cottonwood Center","39.276505","35.867973","gweldrick5@gmail.com","1193973003","Syria","Al Karāmah",,"summary","2021-07-11 07:47:00","228","2023-01-02","2023-05-02","2023-01-14","2023 Semester","222","2023-02-01 11:25:00","227"
"228","Douma kindergarten","5 Eagle Crest Trail","36.409376","33.572772","abillie6@gmail.com","5131206465","Syria","Douma",,"summary","2018-04-16 15:37:00","229","2023-01-09","2023-05-09","2023-01-21","2023 Semester","146","2023-02-08 15:05:00","228"
"229","Tchoban Bey kindergarten","1 Browning Circle","37.450000","36.616670","mgraysmark7@gmail.com","4001917087","Syria","Tchoban Bey",,"summary","2022-08-30 11:39:00","230","2022-12-30","2023-04-29","2023-01-11","2023 Semester","137","2023-01-29 15:18:00","229"
"230","Sarmīn kindergarten","6940 Acker Lane","36.733459","35.903300","ahabbeshaw8@gmail.com","4585510558","Syria","Sarmīn",,"summary","2019-11-12 07:28:00","231","2022-12-21","2023-04-20","2023-01-02","2023 Semester","196","2023-01-20 19:29:00","230"
"231","Ar Ruḩaybah kindergarten","6428 Orin Crossing","36.701114","33.744331","vhathway9@gmail.com","5452794307","Syria","Ar Ruḩaybah",,"summary","2019-01-14 14:30:00","232","2022-12-25","2023-04-24","2023-01-06","2023 Semester","131","2023-01-24 05:14:00","231"
"232","‘Ayn an Nasr kindergarten","8 Buena Vista Avenue","36.929922","34.843992","rbutterfielda@gmail.com","1125855451","Syria","‘Ayn an Nasr",,"summary","2020-02-10 06:19:00","233","2023-01-15","2023-05-15","2023-01-27","2023 Semester","265","2023-02-14 03:39:00","232"
"233","Banān kindergarten","62 Pleasure Drive","46.100000","35.183333","scahenb@gmail.com","9603153643","Syria","Banān",,"summary","2020-04-10 18:23:00","234","2023-02-03","2023-06-05","2023-02-15","2023 Semester","165","2023-03-05 00:56:00","233"
"234","Akhtarīn kindergarten","90895 Carioca Park","37.337304","36.509838","trobjentsc@gmail.com","7897517369","Syria","Akhtarīn",,"summary","2019-02-19 03:18:00","235","2023-01-19","2023-05-19","2023-01-31","2023 Semester","143","2023-02-18 21:09:00","234"
"235","Main‘Uqayribāt kindergarten","1 Village Place","37.475109","35.035660","bspriddled@gmail.com","5793684374","Syria","‘Uqayribāt",,"summary","2021-07-05 03:02:00","236","2023-01-25","2023-05-25","2023-02-06","2023 Semester","364","2023-02-24 13:20:00","235"
"236","Ash Shaddādah kindergarten","2 Hanson Plaza","40.731064","36.055821","lcurteise@gmail.com","7059599028","Syria","Ash Shaddādah",,"summary","2019-05-25 05:20:00","237","2023-02-06","2023-06-08","2023-02-18","2023 Semester","358","2023-03-08 10:45:00","236"
"237","Khāliş kindergarten","01 Heffernan Alley","44.521936","33.843044","aellph0@gmail.com","7393507589","Iraq","Khāliş",,"summary","2019-04-23 08:59:00","238","2023-01-12","2023-05-12","2023-01-24","2023 Semester","379","2023-02-11 05:11:00","237"
"238","Ad Dīwānīyah kindergarten","1993 Trailsway Terrace","44.906650","31.964143","iturrill1@gmail.com","6933678400","Iraq","Ad Dīwānīyah",,"summary","2022-01-05 22:33:00","239","2023-01-14","2023-05-14","2023-01-26","2023 Semester","291","2023-02-13 04:52:00","238"
"239","Kufa kindergarten","0 Oriole Street","44.370941","32.047243","aoldford2@gmail.com","6293665042","Iraq","Kufa",,"summary","2020-03-02 04:48:00","240","2022-12-22","2023-04-21","2023-01-03","2023 Semester","344","2023-01-21 16:58:00","239"
"240","Sīnah kindergarten","472 Dwight Circle","43.038310","36.807520","dwinterborne3@gmail.com","9047754616","Iraq","Sīnah",,"summary","2018-03-08 13:54:00","241","2022-12-30","2023-04-29","2023-01-11","2023 Semester","157","2023-01-29 00:00:00","240"
"241","Ramadi kindergarten","748 Doe Crossing Pass","43.281158","33.435279","bphillins4@gmail.com","6051428948","Iraq","Ramadi",,"summary","2018-10-09 18:20:00","242","2023-01-13","2023-05-13","2023-01-25","2023 Semester","200","2023-02-12 10:46:00","241"
"242","Hīt kindergarten","315 Crest Line Park","42.825366","33.643520","kchopping5@gmail.com","1469833357","Iraq","Hīt",,"summary","2018-03-08 18:47:00","243","2023-01-12","2023-05-12","2023-01-24","2023 Semester","400","2023-02-11 01:41:00","242"
"243","‘Aqrah kindergarten","197 Kensington Parkway","43.880849","36.741121","dquincey6@gmail.com","8303667104","Iraq","‘Aqrah",,"summary","2022-05-25 12:58:00","244","2022-12-29","2023-04-28","2023-01-10","2023 Semester","296","2023-01-28 04:01:00","243"
"244","Nāḩiyat Alī ash Sharqī kindergarten","689 Katie Alley","46.749280","32.122870","evonderempten7@gmail.com","3305486009","Iraq","Nāḩiyat Alī ash Sharqī",,"summary","2019-02-03 11:22:00","245","2023-01-22","2023-05-22","2023-02-03","2023 Semester","225","2023-02-21 18:13:00","244"
"245","An Nāşirīyah kindergarten","14021 Morningstar Alley","46.266591","31.045235","lmash8@gmail.com","3072269669","Iraq","An Nāşirīyah",,"summary","2018-10-21 15:28:00","246","2023-01-04","2023-05-04","2023-01-16","2023 Semester","112","2023-02-03 06:00:00","245"
"246","Nahiyat Ghammas kindergarten","35109 Paget Crossing","44.611360","31.736094","hplanque9@gmail.com","1784518962","Iraq","Nahiyat Ghammas",,"summary","2020-04-24 22:26:00","247","2022-12-23","2023-04-22","2023-01-04","2023 Semester","340","2023-01-22 11:51:00","246"
"247","Baghdad Central kindergarten","0059 Ilene Drive","44.361488","33.312806","lpenhaligona@gmail.com","9497179701","Iraq","Baghdad",,"summary","2021-02-08 13:31:00","248","2023-02-07","2023-06-09","2023-02-19","2023 Semester","199","2023-03-09 07:40:00","247"
"248","Nāḩīyat Saddat al Hindīyah kindergarten","2 Bay Junction","44.281059","32.710402","usaffinb@gmail.com","3289280591","Iraq","Nāḩīyat Saddat al Hindīyah",,"summary","2019-10-31 06:42:00","249","2023-01-26","2023-05-26","2023-02-07","2023 Semester","263","2023-02-25 13:11:00","248"
"249","Al ‘Awjah kindergarten","31743 Katie Plaza","43.719039","34.523545","gseec@gmail.com","2309732376","Iraq","Al ‘Awjah",,"summary","2019-03-09 20:02:00","250","2023-02-11","2023-06-13","2023-02-23","2023 Semester","274","2023-03-13 01:12:00","249"
"250","Mosul kindergarten","5353 6th Pass","43.164000","36.356648","eyakunikovd@gmail.com","3206205904","Iraq","Mosul",,"summary","2021-01-16 23:28:00","251","2023-01-20","2023-05-20","2023-02-01","2023 Semester","384","2023-02-19 09:47:00","250"
"251","Ar Ruţbah kindergarten","424 Hanover Trail","40.283332","33.036390","nhillette@gmail.com","2404369939","Iraq","Ar Ruţbah",,"summary","2021-04-19 14:33:00","252","2023-01-31","2023-06-02","2023-02-12","2023 Semester","201","2023-03-02 12:13:00","251"
"252","Shibīn al Kawm kindergarten","58 Summerview Point","31.007948","30.560456","zflieg0@gmail.com","6219535519","Egypt","Shibīn al Kawm",,"summary","2019-12-28 14:05:00","253","2022-12-26","2023-04-25","2023-01-07","2023 Semester","316","2023-01-25 14:09:00","252"
"253","Al Qanāţir al Khayrīyah kindergarten","6000 Golf Course Junction","31.138434","30.190245","rcantua1@gmail.com","6326929271","Egypt","Al Qanāţir al Khayrīyah",,"summary","2022-04-08 15:12:00","254","2022-12-22","2023-04-21","2023-01-03","2023 Semester","362","2023-01-21 14:08:00","253"
"254","Hurghada kindergarten","166 Warrior Center","33.811607","27.257896","mgillmore2@gmail.com","4349664190","Egypt","Hurghada",,"summary","2021-01-29 17:38:00","255","2022-12-26","2023-04-25","2023-01-07","2023 Semester","293","2023-01-25 21:02:00","254"
"255","Kawm Umbū kindergarten","8296 Bluejay Park","32.946260","24.476690","mtrevenu3@gmail.com","2273648875","Egypt","Kawm Umbū",,"summary","2022-10-19 03:06:00","256","2023-01-12","2023-05-12","2023-01-24","2023 Semester","346","2023-02-11 10:43:00","255"
"256","CentralAsh Shuhadā’ kindergarten","9808 Jay Court","30.872862","30.606617","ukinvig4@gmail.com","8554651297","Egypt","Ash Shuhadā’",,"summary","2019-06-11 01:12:00","257","2022-12-31","2023-04-30","2023-01-12","2023 Semester","311","2023-01-30 12:27:00","256"
"257","Maţāy kindergarten","04293 Lakewood Court","30.734995","28.423360","gbanaszewski5@gmail.com","8869330922","Egypt","Maţāy",,"summary","2021-08-22 05:55:00","258","2023-02-12","2023-06-14","2023-02-24","2023 Semester","374","2023-03-14 09:09:00","257"
"258","Banī Mazār kindergarten","183 Lotheville Crossing","30.734995","28.507642","erupprecht6@gmail.com","1562987383","Egypt","Banī Mazār",,"summary","2019-09-20 05:24:00","259","2023-01-17","2023-05-17","2023-01-29","2023 Semester","140","2023-02-16 08:29:00","258"
"259","CentralCairo kindergarten","1808 Florence Lane","31.235712","30.044420","mcouvert7@gmail.com","3547649095","Egypt","Cairo",,"summary","2019-08-10 18:51:00","260","2023-01-28","2023-05-28","2023-02-09","2023 Semester","370","2023-02-27 04:38:00","259"
"260","Diyarb Najm kindergarten","05838 Mayer Point","31.442761","30.753222","laustin8@gmail.com","7077951513","Egypt","Diyarb Najm",,"summary","2018-08-07 05:08:00","261","2022-12-30","2023-04-29","2023-01-11","2023 Semester","139","2023-01-29 16:28:00","260"
"261","MainCairo kindergarten","33693 Rutledge Junction","31.235712","30.044420","ksebastian9@gmail.com","3782513904","Egypt","Cairo",,"summary","2022-06-26 13:37:00","262","2022-12-30","2023-04-29","2023-01-11","2023 Semester","207","2023-01-29 01:07:00","261"
"262","Būr Safājah kindergarten","5025 Messerschmidt Drive","33.935976","26.750017","mgreensitta@gmail.com","3328062999","Egypt","Būr Safājah",,"summary","2018-01-26 13:46:00","263","2023-01-04","2023-05-04","2023-01-16","2023 Semester","337","2023-02-03 15:04:00","262"
"263","Kousa kindergarten","11 Menomonie Drive","32.763261","25.911938","dcovolinib@gmail.com","7955654015","Egypt","Kousa",,"summary","2018-10-31 21:07:00","264","2023-01-20","2023-05-20","2023-02-01","2023 Semester","151","2023-02-19 09:15:00","263"
"264","Idkū kindergarten","505 Coleman Plaza","30.299236","31.305222","fmackroc@gmail.com","8284748538","Egypt","Idkū",,"summary","2018-10-18 22:19:00","265","2023-01-06","2023-05-06","2023-01-18","2023 Semester","313","2023-02-05 15:34:00","264"
"265","Banhā kindergarten","69273 Laurel Court","31.184831","30.465993","vbarlingd@gmail.com","2384127180","Egypt","Banhā",,"summary","2020-02-26 13:17:00","266","2023-01-07","2023-05-07","2023-01-19","2023 Semester","395","2023-02-06 18:35:00","265"
"266","Makadi Bay kindergarten","51 Mesta Street","33.902051","26.984847","ghakere@gmail.com","6097311802","Egypt","Makadi Bay",,"summary","2019-01-04 18:42:00","267","2023-01-30","2023-06-01","2023-02-11","2023 Semester","157","2023-03-01 16:46:00","266"
"267","Mashtūl as Sūq kindergarten","99418 Walton Lane","31.379340","30.360880","evanbrughf@gmail.com","4735458288","Egypt","Mashtūl as Sūq",,"summary","2021-05-30 09:13:00","268","2023-01-29","2023-05-29","2023-02-10","2023 Semester","365","2023-02-28 07:25:00","267"
"268","Ashmūn kindergarten","3053 Messerschmidt Place","30.978381","30.297742","dcanadasg@gmail.com","3966057629","Egypt","Ashmūn",,"summary","2020-01-29 18:40:00","269","2023-02-07","2023-06-09","2023-02-19","2023 Semester","145","2023-03-09 17:08:00","268"
"269","Fāqūs kindergarten","2 Bunting Point","31.797780","30.729272","ghaydnh@gmail.com","4877619864","Egypt","Fāqūs",,"summary","2018-09-03 23:42:00","270","2023-02-10","2023-06-12","2023-02-22","2023 Semester","326","2023-03-12 12:32:00","269"
"270","Kafr az Zayyāt kindergarten","479 Crowley Road","30.813917","30.825467","fcawcutti@gmail.com","9341337580","Egypt","Kafr az Zayyāt",,"summary","2019-10-04 08:03:00","271","2022-12-28","2023-04-27","2023-01-09","2023 Semester","400","2023-01-27 15:57:00","270"
"271","El Gouna kindergarten","009 Main Lane","33.651144","27.402484","tlosselyongj@gmail.com","4585098868","Egypt","El Gouna",,"summary","2020-11-21 16:33:00","272","2023-01-10","2023-05-10","2023-01-22","2023 Semester","366","2023-02-09 08:02:00","271"
"272","Nuwaybi‘a kindergarten","4937 Old Gate Junction","34.653433","28.973444","rscurryk@gmail.com","8139837451","Egypt","Nuwaybi‘a",,"summary","2022-06-28 18:05:00","273","2022-12-26","2023-04-25","2023-01-07","2023 Semester","331","2023-01-25 14:56:00","272"
"273","Ibshawāy kindergarten","257 Laurel Point","30.681616","29.359413","mdobbynl@gmail.com","9313134099","Egypt","Ibshawāy",,"summary","2022-05-23 00:23:00","274","2023-02-02","2023-06-04","2023-02-14","2023 Semester","262","2023-03-04 08:10:00","273"
"274","Bilbays kindergarten","39 Starling Pass","31.562118","30.415838","mhaythornem@gmail.com","2907423757","Egypt","Bilbays",,"summary","2019-03-29 17:31:00","275","2022-12-28","2023-04-27","2023-01-09","2023 Semester","377","2023-01-27 18:29:00","274"
"275","Bi’r al ‘Abd kindergarten","95 Dakota Circle","28.247778","31.014722","lkinkaidn@gmail.com","8655943585","Egypt","Bi’r al ‘Abd",,"summary","2019-01-02 17:25:00","276","2023-01-25","2023-05-25","2023-02-06","2023 Semester","285","2023-02-24 04:31:00","275"
"276","Az Zarqā kindergarten","16819 Cascade Parkway","31.634934","31.208398","mmcclancyo@gmail.com","4753080084","Egypt","Az Zarqā",,"summary","2018-08-28 07:49:00","277","2022-12-29","2023-04-28","2023-01-10","2023 Semester","198","2023-01-28 18:05:00","276"
